[{
    "postid": "922",
    "name": "Genevieve Watts",
    "branchOfGov": "Executive",
    "organization": "Office of Prime Minister",
    "ministry": "test1",
    "position": "Prime Minister",
    "gender": "Male",
    "age": "12",
    "ancestry": "country1",
    "ethnicity": "Asian",
    "imageurl": "assets/images/persons/pic1.jpeg"
  },
  {
    "postid": "638",
    "name": "Ian Stevens",
    "branchOfGov": "Executive",
    "organization": "Cabinet of Ministers",
    "ministry": "Foreign Affairs",
    "position": "Minister",
    "gender": "Female",
    "age": "12",
    "ancestry": "country2",
    "ethnicity": "Asian",
    "imageurl": "assets/images/persons/pic2.jpeg"
  },
  {
    "postid": "900",
    "name": "Frederick Floyd",
    "branchOfGov": "Executive",
    "organization": "Cabinet of Ministers",
    "ministry": "Defense",
    "position": "Minister",
    "gender": "Male",
    "age": "12",
    "ancestry": "country3",
    "ethnicity": "Asian",
    "imageurl": "assets/images/persons/pic3.jpeg"
  },
  {
    "postid": "783",
    "name": "Lizzie Hopkins",
    "branchOfGov": "Executive",
    "organization": "Cabinet of Ministers",
    "ministry": "Interior",
    "position": "Minister",
    "gender": "Male",
    "age": "12",
    "ancestry": "country4",
    "ethnicity": "Asian",
    "imageurl": "assets/images/persons/pic4.jpeg"
  },
  {
    "postid": "86",
    "name": "Lewis Schneider",
    "branchOfGov": "Executive",
    "organization": "Cabinet of Ministers",
    "ministry": "Finanace",
    "position": "Minister",
    "gender": "Male",
    "age": "12",
    "ancestry": "country5",
    "ethnicity": "African American",
    "imageurl": "assets/images/persons/pic5.jpeg"
  },
  {
    "postid": "22",
    "name": "Emma Elliott",
    "branchOfGov": "Executive",
    "organization": "Cabinet of Ministers",
    "ministry": "Industry and Trade",
    "position": "Minister",
    "gender": "Male",
    "age": "12",
    "ancestry": "country6",
    "ethnicity": "Asian",
    "imageurl": "assets/images/persons/pic6.jpeg"
  },
  {
    "postid": "973",
    "name": "Jose Lewis",
    "branchOfGov": "Executive",
    "organization": "Cabinet of Ministers",
    "ministry": "Agriculture",
    "position": "Minister",
    "gender": "Male",
    "age": "12",
    "ancestry": "country7",
    "ethnicity": "Asian",
    "imageurl": "assets/images/persons/pic7.jpeg"
  },
  {
    "postid": "565",
    "name": "Alice Curtis",
    "branchOfGov": "Executive",
    "organization": "Cabinet of Ministers",
    "ministry": "Religious Affairs",
    "position": "Minister",
    "gender": "Male",
    "age": "12",
    "ancestry": "country8",
    "ethnicity": "Asian",
    "imageurl": "assets/images/persons/pic8.jpeg"
  },
  {
    "postid": "189",
    "name": "Danny Padilla",
    "branchOfGov": "Executive",
    "organization": "Cabinet of Ministers",
    "ministry": "Cabinet Affairs",
    "position": "Minister",
    "gender": "Male",
    "age": "12",
    "ancestry": "country9",
    "ethnicity": "Asian",
    "imageurl": "assets/images/persons/pic9.jpeg"
  },
  {
    "postid": "439",
    "name": "Ophelia Sandoval",
    "branchOfGov": "Executive",
    "organization": "Cabinet of Ministers",
    "ministry": "Energy and Mining",
    "position": "Minister",
    "gender": "Male",
    "age": "12",
    "ancestry": "country10",
    "ethnicity": "Caucasian",
    "imageurl": "assets/images/persons/pic10.jpeg"
  },
  {
    "postid": "6",
    "name": "Eliza Greer",
    "branchOfGov": "Executive",
    "organization": "Office of Prime Minister",
    "ministry": "test1",
    "position": "Prime Minister",
    "gender": "Male",
    "age": "12",
    "ancestry": "country1",
    "ethnicity": "Asian",
    "imageurl": "assets/images/persons/pic1.jpeg"
  },
  {
    "postid": "970",
    "name": "James McCoy",
    "branchOfGov": "Executive",
    "organization": "Cabinet of Ministers",
    "ministry": "Foreign Affairs",
    "position": "Minister",
    "gender": "Female",
    "age": "12",
    "ancestry": "country2",
    "ethnicity": "Asian",
    "imageurl": "assets/images/persons/pic2.jpeg"
  },
  {
    "postid": "712",
    "name": "Herman Wilkins",
    "branchOfGov": "Executive",
    "organization": "Cabinet of Ministers",
    "ministry": "Defense",
    "position": "Minister",
    "gender": "Male",
    "age": "12",
    "ancestry": "country3",
    "ethnicity": "Asian",
    "imageurl": "assets/images/persons/pic3.jpeg"
  },
  {
    "postid": "395",
    "name": "Ray Riley",
    "branchOfGov": "Executive",
    "organization": "Cabinet of Ministers",
    "ministry": "Interior",
    "position": "Minister",
    "gender": "Male",
    "age": "12",
    "ancestry": "country4",
    "ethnicity": "Asian",
    "imageurl": "assets/images/persons/pic4.jpeg"
  },
  {
    "postid": "448",
    "name": "Mabel Howell",
    "branchOfGov": "Executive",
    "organization": "Cabinet of Ministers",
    "ministry": "Finanace",
    "position": "Minister",
    "gender": "Male",
    "age": "12",
    "ancestry": "country5",
    "ethnicity": "African American",
    "imageurl": "assets/images/persons/pic5.jpeg"
  },
  {
    "postid": "947",
    "name": "Belle Norman",
    "branchOfGov": "Executive",
    "organization": "Cabinet of Ministers",
    "ministry": "Industry and Trade",
    "position": "Minister",
    "gender": "Male",
    "age": "12",
    "ancestry": "country6",
    "ethnicity": "Asian",
    "imageurl": "assets/images/persons/pic6.jpeg"
  },
  {
    "postid": "956",
    "name": "Joel Graves",
    "branchOfGov": "Executive",
    "organization": "Cabinet of Ministers",
    "ministry": "Agriculture",
    "position": "Minister",
    "gender": "Male",
    "age": "12",
    "ancestry": "country7",
    "ethnicity": "Asian",
    "imageurl": "assets/images/persons/pic7.jpeg"
  },
  {
    "postid": "988",
    "name": "Gerald Tate",
    "branchOfGov": "Executive",
    "organization": "Cabinet of Ministers",
    "ministry": "Religious Affairs",
    "position": "Minister",
    "gender": "Male",
    "age": "12",
    "ancestry": "country8",
    "ethnicity": "Asian",
    "imageurl": "assets/images/persons/pic8.jpeg"
  },
  {
    "postid": "848",
    "name": "Roy Phillips",
    "branchOfGov": "Executive",
    "organization": "Cabinet of Ministers",
    "ministry": "Cabinet Affairs",
    "position": "Minister",
    "gender": "Male",
    "age": "12",
    "ancestry": "country9",
    "ethnicity": "Asian",
    "imageurl": "assets/images/persons/pic9.jpeg"
  },
  {
    "postid": "283",
    "name": "Alma Hawkins",
    "branchOfGov": "Executive",
    "organization": "Cabinet of Ministers",
    "ministry": "Energy and Mining",
    "position": "Minister",
    "gender": "Male",
    "age": "12",
    "ancestry": "country10",
    "ethnicity": "Caucasian",
    "imageurl": "assets/images/persons/pic10.jpeg"
  },
  {
    "postid": "427",
    "name": "Mayme Green",
    "branchOfGov": "Executive",
    "organization": "Office of Prime Minister",
    "ministry": "test1",
    "position": "Prime Minister",
    "gender": "Male",
    "age": "12",
    "ancestry": "country1",
    "ethnicity": "Asian",
    "imageurl": "assets/images/persons/pic1.jpeg"
  },
  {
    "postid": "141",
    "name": "Jim Fitzgerald",
    "branchOfGov": "Executive",
    "organization": "Cabinet of Ministers",
    "ministry": "Foreign Affairs",
    "position": "Minister",
    "gender": "Female",
    "age": "12",
    "ancestry": "country2",
    "ethnicity": "Asian",
    "imageurl": "assets/images/persons/pic2.jpeg"
  },
  {
    "postid": "554",
    "name": "Dennis Carlson",
    "branchOfGov": "Executive",
    "organization": "Cabinet of Ministers",
    "ministry": "Defense",
    "position": "Minister",
    "gender": "Male",
    "age": "12",
    "ancestry": "country3",
    "ethnicity": "Asian",
    "imageurl": "assets/images/persons/pic3.jpeg"
  },
  {
    "postid": "505",
    "name": "Bertha Boone",
    "branchOfGov": "Executive",
    "organization": "Cabinet of Ministers",
    "ministry": "Interior",
    "position": "Minister",
    "gender": "Male",
    "age": "12",
    "ancestry": "country4",
    "ethnicity": "Asian",
    "imageurl": "assets/images/persons/pic4.jpeg"
  },
  {
    "postid": "159",
    "name": "Lily Hayes",
    "branchOfGov": "Executive",
    "organization": "Cabinet of Ministers",
    "ministry": "Finanace",
    "position": "Minister",
    "gender": "Male",
    "age": "12",
    "ancestry": "country5",
    "ethnicity": "African American",
    "imageurl": "assets/images/persons/pic5.jpeg"
  },
  {
    "postid": "374",
    "name": "Minerva Vargas",
    "branchOfGov": "Executive",
    "organization": "Cabinet of Ministers",
    "ministry": "Industry and Trade",
    "position": "Minister",
    "gender": "Male",
    "age": "12",
    "ancestry": "country6",
    "ethnicity": "Asian",
    "imageurl": "assets/images/persons/pic6.jpeg"
  },
  {
    "postid": "935",
    "name": "William Roberts",
    "branchOfGov": "Executive",
    "organization": "Cabinet of Ministers",
    "ministry": "Agriculture",
    "position": "Minister",
    "gender": "Male",
    "age": "12",
    "ancestry": "country7",
    "ethnicity": "Asian",
    "imageurl": "assets/images/persons/pic7.jpeg"
  },
  {
    "postid": "70",
    "name": "Herbert Castro",
    "branchOfGov": "Executive",
    "organization": "Cabinet of Ministers",
    "ministry": "Religious Affairs",
    "position": "Minister",
    "gender": "Male",
    "age": "12",
    "ancestry": "country8",
    "ethnicity": "Asian",
    "imageurl": "assets/images/persons/pic8.jpeg"
  },
  {
    "postid": "157",
    "name": "Joshua Nunez",
    "branchOfGov": "Executive",
    "organization": "Cabinet of Ministers",
    "ministry": "Cabinet Affairs",
    "position": "Minister",
    "gender": "Male",
    "age": "12",
    "ancestry": "country9",
    "ethnicity": "Asian",
    "imageurl": "assets/images/persons/pic9.jpeg"
  },
  {
    "postid": "441",
    "name": "Alan Warren",
    "branchOfGov": "Executive",
    "organization": "Cabinet of Ministers",
    "ministry": "Energy and Mining",
    "position": "Minister",
    "gender": "Male",
    "age": "12",
    "ancestry": "country10",
    "ethnicity": "Caucasian",
    "imageurl": "assets/images/persons/pic10.jpeg"
  }
]
